{
  "model_name": "gat",
  "best_epoch": 8,
  "best_val_loss": 0.2858827741634635,
  "test_loss": 0.2773420938895067,
  "train_losses": [
    0.24487868914084715,
    0.22090178415021444,
    0.21744954125509985,
    0.21468895857869735,
    0.21207238451661176,
    0.2078489878454901,
    0.20149241004045354,
    0.1958671167233261,
    0.1902068939893377,
    0.18638742883214116,
    0.18318097029331346,
    0.18018145423454549,
    0.17815072829917605
  ],
  "val_losses": [
    0.2917560433434802,
    0.29143383463479156,
    0.291851363856004,
    0.2913692329837316,
    0.29029895363301966,
    0.2884217636963877,
    0.2871562572544348,
    0.2858827741634635,
    0.28825773130259325,
    0.2884947492681621,
    0.2919524716192196,
    0.2928116058949521,
    0.29520083716898493
  ]
}