{
  "x_keep_cols": [
    0,
    1,
    2,
    3,
    4,
    5,
    22,
    23,
    24
  ],
  "x_mean": [
    -0.0017121031414717436,
    0.0013512605801224709,
    -0.0080240648239851,
    0.001862843637354672,
    0.000980066484771669,
    0.009067636914551258,
    0.0,
    0.0,
    0.0
  ],
  "x_std": [
    0.8030359745025635,
    0.8155521750450134,
    0.4661822021007538,
    0.33758655190467834,
    0.3197799324989319,
    0.9949782490730286,
    1.0,
    1.0,
    1.0
  ],
  "target_mean": [
    0.006882865447551012,
    -0.015748459845781326,
    0.3845769166946411,
    0.005644307471811771
  ],
  "target_std": [
    2.372464418411255,
    2.3735368251800537,
    0.8292118906974792,
    0.6601232886314392
  ],
  "edge_mean": [
    0.0,
    0.0,
    0.0,
    0.0
  ],
  "edge_std": [
    4.645331859588623,
    4.45358943939209,
    0.7823797464370728,
    2.383103132247925
  ],
  "input_names": [
    "vel_x",
    "vel_y",
    "vel_z",
    "ang_x",
    "ang_y",
    "ang_z",
    "form_a",
    "form_rect",
    "form_tri"
  ],
  "label_names": [
    "\u0394x",
    "\u0394y",
    "\u0394z",
    "\u0394yaw"
  ],
  "edge_names": [
    "rel_x",
    "rel_y",
    "rel_z",
    "distance"
  ],
  "input_dim": 9,
  "output_dim": 4,
  "edge_dim": 4
}